[
  {
    "dataDictionary": {
      "Title": "PDS4 Data Dictionary" ,
      "Version": "1.11.0.0" ,
      "Date": "Thu May 02 18:33:33 PDT 2019" ,
      "Description": "This document is a dump of the contents of the PDS4 Data Dictionary" ,
      "classDictionary": [
        {
          "class": {
            "identifier": "0001_NASA_PDS_1.msn.Mission_Information" ,
            "title": "Mission_Information" ,
            "registrationAuthorityId": "0001_NASA_PDS_1" ,
            "nameSpaceId": "msn" ,
            "steward": "img" ,
            "versionId": "1.0.0.0" ,
            "description": "The Mission_Information class provides information about a mission."
              , "associationList": [
             {"association": {
                "identifier": "0001_NASA_PDS_1.msn.Mission_Information.msn.mission_phase_name" ,
                "title": "null" ,
                "assocType": "attribute_of" ,
                "isAttribute": "true" ,
                "isChoice": "false" ,
                "isAny": "false" ,
                "minimumCardinality": "0" ,
                "maximumCardinality": "1" ,
                "classOrder": "1010" ,
                "attributeId": [
                  "0001_NASA_PDS_1.msn.Mission_Information.msn.mission_phase_name"
                 ]
              }
            }
           , {"association": {
                "identifier": "0001_NASA_PDS_1.msn.Mission_Information.msn.mission_phase_identifier" ,
                "title": "null" ,
                "assocType": "attribute_of" ,
                "isAttribute": "true" ,
                "isChoice": "false" ,
                "isAny": "false" ,
                "minimumCardinality": "0" ,
                "maximumCardinality": "1" ,
                "classOrder": "1020" ,
                "attributeId": [
                  "0001_NASA_PDS_1.msn.Mission_Information.msn.mission_phase_identifier"
                 ]
              }
            }
           , {"association": {
                "identifier": "0001_NASA_PDS_1.msn.Mission_Information.msn.release_number" ,
                "title": "null" ,
                "assocType": "attribute_of" ,
                "isAttribute": "true" ,
                "isChoice": "false" ,
                "isAny": "false" ,
                "minimumCardinality": "0" ,
                "maximumCardinality": "1" ,
                "classOrder": "1030" ,
                "attributeId": [
                  "0001_NASA_PDS_1.msn.Mission_Information.msn.release_number"
                 ]
              }
            }
           , {"association": {
                "identifier": "0001_NASA_PDS_1.msn.Mission_Information.msn.product_type_name" ,
                "title": "null" ,
                "assocType": "attribute_of" ,
                "isAttribute": "true" ,
                "isChoice": "false" ,
                "isAny": "false" ,
                "minimumCardinality": "0" ,
                "maximumCardinality": "1" ,
                "classOrder": "1040" ,
                "attributeId": [
                  "0001_NASA_PDS_1.msn.Mission_Information.msn.product_type_name"
                 ]
              }
            }
           , {"association": {
                "identifier": "0001_NASA_PDS_1.msn.Mission_Information.msn.spacecraft_clock_start" ,
                "title": "null" ,
                "assocType": "attribute_of" ,
                "isAttribute": "true" ,
                "isChoice": "false" ,
                "isAny": "false" ,
                "minimumCardinality": "0" ,
                "maximumCardinality": "1" ,
                "classOrder": "1050" ,
                "attributeId": [
                  "0001_NASA_PDS_1.msn.Mission_Information.msn.spacecraft_clock_start"
                 ]
              }
            }
           , {"association": {
                "identifier": "0001_NASA_PDS_1.msn.Mission_Information.msn.spacecraft_clock_stop" ,
                "title": "null" ,
                "assocType": "attribute_of" ,
                "isAttribute": "true" ,
                "isChoice": "false" ,
                "isAny": "false" ,
                "minimumCardinality": "0" ,
                "maximumCardinality": "1" ,
                "classOrder": "1060" ,
                "attributeId": [
                  "0001_NASA_PDS_1.msn.Mission_Information.msn.spacecraft_clock_stop"
                 ]
              }
            }
           , {"association": {
                "identifier": "0001_NASA_PDS_1.msn.Mission_Information.msn.spacecraft_clock_partition" ,
                "title": "null" ,
                "assocType": "attribute_of" ,
                "isAttribute": "true" ,
                "isChoice": "false" ,
                "isAny": "false" ,
                "minimumCardinality": "0" ,
                "maximumCardinality": "1" ,
                "classOrder": "1070" ,
                "attributeId": [
                  "0001_NASA_PDS_1.msn.Mission_Information.msn.spacecraft_clock_partition"
                 ]
              }
            }
           , {"association": {
                "identifier": "0001_NASA_PDS_1.msn.Mission_Information.msn.Orbital_Mission" ,
                "title": "null" ,
                "assocType": "component_of" ,
                "isAttribute": "false" ,
                "isChoice": "false" ,
                "isAny": "false" ,
                "minimumCardinality": "0" ,
                "maximumCardinality": "1" ,
                "classOrder": "1080" ,
                "classId": [
                   "0001_NASA_PDS_1.msn.Orbital_Mission"
                 ]
              }
            }
           , {"association": {
                "identifier": "0001_NASA_PDS_1.msn.Mission_Information.msn.Surface_Mission" ,
                "title": "null" ,
                "assocType": "component_of" ,
                "isAttribute": "false" ,
                "isChoice": "false" ,
                "isAny": "false" ,
                "minimumCardinality": "0" ,
                "maximumCardinality": "1" ,
                "classOrder": "1090" ,
                "classId": [
                   "0001_NASA_PDS_1.msn.Surface_Mission"
                 ]
              }
            }
           ]
          }
        }
      , {
          "class": {
            "identifier": "0001_NASA_PDS_1.msn.Orbital_Mission" ,
            "title": "Orbital_Mission" ,
            "registrationAuthorityId": "0001_NASA_PDS_1" ,
            "nameSpaceId": "msn" ,
            "steward": "img" ,
            "versionId": "1.0.0.0" ,
            "description": "The Orbital_Mission class provides information about an orbital mission."
              , "associationList": [
             {"association": {
                "identifier": "0001_NASA_PDS_1.msn.Orbital_Mission.msn.start_orbit_number" ,
                "title": "null" ,
                "assocType": "attribute_of" ,
                "isAttribute": "true" ,
                "isChoice": "false" ,
                "isAny": "false" ,
                "minimumCardinality": "0" ,
                "maximumCardinality": "1" ,
                "classOrder": "1010" ,
                "attributeId": [
                  "0001_NASA_PDS_1.msn.Orbital_Mission.msn.start_orbit_number"
                 ]
              }
            }
           , {"association": {
                "identifier": "0001_NASA_PDS_1.msn.Orbital_Mission.msn.stop_orbit_number" ,
                "title": "null" ,
                "assocType": "attribute_of" ,
                "isAttribute": "true" ,
                "isChoice": "false" ,
                "isAny": "false" ,
                "minimumCardinality": "0" ,
                "maximumCardinality": "1" ,
                "classOrder": "1020" ,
                "attributeId": [
                  "0001_NASA_PDS_1.msn.Orbital_Mission.msn.stop_orbit_number"
                 ]
              }
            }
           ]
          }
        }
      , {
          "class": {
            "identifier": "0001_NASA_PDS_1.msn.Surface_Mission" ,
            "title": "Surface_Mission" ,
            "registrationAuthorityId": "0001_NASA_PDS_1" ,
            "nameSpaceId": "msn" ,
            "steward": "img" ,
            "versionId": "1.0.0.0" ,
            "description": "The Surface_Mission class provides information about a surface mission."
              , "associationList": [
             {"association": {
                "identifier": "0001_NASA_PDS_1.msn.Surface_Mission.msn.start_sol_number" ,
                "title": "null" ,
                "assocType": "attribute_of" ,
                "isAttribute": "true" ,
                "isChoice": "false" ,
                "isAny": "false" ,
                "minimumCardinality": "0" ,
                "maximumCardinality": "1" ,
                "classOrder": "1010" ,
                "attributeId": [
                  "0001_NASA_PDS_1.msn.Surface_Mission.msn.start_sol_number"
                 ]
              }
            }
           , {"association": {
                "identifier": "0001_NASA_PDS_1.msn.Surface_Mission.msn.stop_sol_number" ,
                "title": "null" ,
                "assocType": "attribute_of" ,
                "isAttribute": "true" ,
                "isChoice": "false" ,
                "isAny": "false" ,
                "minimumCardinality": "0" ,
                "maximumCardinality": "1" ,
                "classOrder": "1020" ,
                "attributeId": [
                  "0001_NASA_PDS_1.msn.Surface_Mission.msn.stop_sol_number"
                 ]
              }
            }
           , {"association": {
                "identifier": "0001_NASA_PDS_1.msn.Surface_Mission.msn.start_local_mean_solar_time" ,
                "title": "null" ,
                "assocType": "attribute_of" ,
                "isAttribute": "true" ,
                "isChoice": "false" ,
                "isAny": "false" ,
                "minimumCardinality": "0" ,
                "maximumCardinality": "1" ,
                "classOrder": "1030" ,
                "attributeId": [
                  "0001_NASA_PDS_1.msn.Surface_Mission.msn.start_local_mean_solar_time"
                 ]
              }
            }
           , {"association": {
                "identifier": "0001_NASA_PDS_1.msn.Surface_Mission.msn.stop_local_mean_solar_time" ,
                "title": "null" ,
                "assocType": "attribute_of" ,
                "isAttribute": "true" ,
                "isChoice": "false" ,
                "isAny": "false" ,
                "minimumCardinality": "0" ,
                "maximumCardinality": "1" ,
                "classOrder": "1040" ,
                "attributeId": [
                  "0001_NASA_PDS_1.msn.Surface_Mission.msn.stop_local_mean_solar_time"
                 ]
              }
            }
           , {"association": {
                "identifier": "0001_NASA_PDS_1.msn.Surface_Mission.msn.start_local_mean_solar_time_sol" ,
                "title": "null" ,
                "assocType": "attribute_of" ,
                "isAttribute": "true" ,
                "isChoice": "false" ,
                "isAny": "false" ,
                "minimumCardinality": "0" ,
                "maximumCardinality": "1" ,
                "classOrder": "1050" ,
                "attributeId": [
                  "0001_NASA_PDS_1.msn.Surface_Mission.msn.start_local_mean_solar_time_sol"
                 ]
              }
            }
           , {"association": {
                "identifier": "0001_NASA_PDS_1.msn.Surface_Mission.msn.stop_local_mean_solar_time_sol" ,
                "title": "null" ,
                "assocType": "attribute_of" ,
                "isAttribute": "true" ,
                "isChoice": "false" ,
                "isAny": "false" ,
                "minimumCardinality": "0" ,
                "maximumCardinality": "1" ,
                "classOrder": "1060" ,
                "attributeId": [
                  "0001_NASA_PDS_1.msn.Surface_Mission.msn.stop_local_mean_solar_time_sol"
                 ]
              }
            }
           , {"association": {
                "identifier": "0001_NASA_PDS_1.msn.Surface_Mission.msn.start_local_true_solar_time" ,
                "title": "null" ,
                "assocType": "attribute_of" ,
                "isAttribute": "true" ,
                "isChoice": "false" ,
                "isAny": "false" ,
                "minimumCardinality": "0" ,
                "maximumCardinality": "1" ,
                "classOrder": "1070" ,
                "attributeId": [
                  "0001_NASA_PDS_1.msn.Surface_Mission.msn.start_local_true_solar_time"
                 ]
              }
            }
           , {"association": {
                "identifier": "0001_NASA_PDS_1.msn.Surface_Mission.msn.stop_local_true_solar_time" ,
                "title": "null" ,
                "assocType": "attribute_of" ,
                "isAttribute": "true" ,
                "isChoice": "false" ,
                "isAny": "false" ,
                "minimumCardinality": "0" ,
                "maximumCardinality": "1" ,
                "classOrder": "1080" ,
                "attributeId": [
                  "0001_NASA_PDS_1.msn.Surface_Mission.msn.stop_local_true_solar_time"
                 ]
              }
            }
           , {"association": {
                "identifier": "0001_NASA_PDS_1.msn.Surface_Mission.msn.start_local_true_solar_time_sol" ,
                "title": "null" ,
                "assocType": "attribute_of" ,
                "isAttribute": "true" ,
                "isChoice": "false" ,
                "isAny": "false" ,
                "minimumCardinality": "0" ,
                "maximumCardinality": "1" ,
                "classOrder": "1090" ,
                "attributeId": [
                  "0001_NASA_PDS_1.msn.Surface_Mission.msn.start_local_true_solar_time_sol"
                 ]
              }
            }
           , {"association": {
                "identifier": "0001_NASA_PDS_1.msn.Surface_Mission.msn.stop_local_true_solar_time_sol" ,
                "title": "null" ,
                "assocType": "attribute_of" ,
                "isAttribute": "true" ,
                "isChoice": "false" ,
                "isAny": "false" ,
                "minimumCardinality": "0" ,
                "maximumCardinality": "1" ,
                "classOrder": "1100" ,
                "attributeId": [
                  "0001_NASA_PDS_1.msn.Surface_Mission.msn.stop_local_true_solar_time_sol"
                 ]
              }
            }
           , {"association": {
                "identifier": "0001_NASA_PDS_1.msn.Surface_Mission.msn.solar_longitude" ,
                "title": "null" ,
                "assocType": "attribute_of" ,
                "isAttribute": "true" ,
                "isChoice": "false" ,
                "isAny": "false" ,
                "minimumCardinality": "0" ,
                "maximumCardinality": "1" ,
                "classOrder": "1110" ,
                "attributeId": [
                  "0001_NASA_PDS_1.msn.Surface_Mission.msn.solar_longitude"
                 ]
              }
            }
           ]
          }
        }
      ]
    , "attributeDictionary": [
        {
          "attribute": {
            "identifier": "0001_NASA_PDS_1.msn.Mission_Information.msn.mission_phase_identifier" ,
            "title": "mission_phase_identifier" ,
            "registrationAuthorityId": "0001_NASA_PDS_1" ,
            "nameSpaceId": "msn" ,
            "steward": "img" ,
            "versionId": "1.11" ,
            "description": "The mission_phase_identifier attribute provides an identifier for a mission phase." ,
            "isNillable": "true" ,
            "isEnumerated": "false" ,
            "dataType": "ASCII_Short_String_Collapsed" ,
            "dataTypeId": "0001_NASA_PDS_1.pds.ASCII_Short_String_Collapsed" ,
            "minimumCharacters": "1" ,
            "maximumCharacters": "255" ,
            "minimumValue": "Unbounded" ,
            "maximumValue": "Unbounded" ,
            "pattern": "null" ,
            "unitOfMeasure": "null" ,
            "unitOfMeasureId": "null" ,
            "unitId": "null" ,
            "defaultUnitId": "null"
          }
        }
      , {
          "attribute": {
            "identifier": "0001_NASA_PDS_1.msn.Mission_Information.msn.mission_phase_name" ,
            "title": "mission_phase_name" ,
            "registrationAuthorityId": "0001_NASA_PDS_1" ,
            "nameSpaceId": "msn" ,
            "steward": "img" ,
            "versionId": "1.11" ,
            "description": "The mission_phase_name identifies a time period within the mission." ,
            "isNillable": "true" ,
            "isEnumerated": "false" ,
            "dataType": "ASCII_Short_String_Preserved" ,
            "dataTypeId": "0001_NASA_PDS_1.pds.ASCII_Short_String_Preserved" ,
            "minimumCharacters": "1" ,
            "maximumCharacters": "255" ,
            "minimumValue": "Unbounded" ,
            "maximumValue": "Unbounded" ,
            "pattern": "null" ,
            "unitOfMeasure": "null" ,
            "unitOfMeasureId": "null" ,
            "unitId": "null" ,
            "defaultUnitId": "null"
          }
        }
      , {
          "attribute": {
            "identifier": "0001_NASA_PDS_1.msn.Mission_Information.msn.product_type_name" ,
            "title": "product_type_name" ,
            "registrationAuthorityId": "0001_NASA_PDS_1" ,
            "nameSpaceId": "msn" ,
            "steward": "img" ,
            "versionId": "1.11" ,
            "description": "The product_type_name identifies a group of data products within a collection that have some property in common, such as processing level, resolution, or instrument-specific setting. " ,
            "isNillable": "true" ,
            "isEnumerated": "true" ,
            "dataType": "ASCII_Short_String_Collapsed" ,
            "dataTypeId": "0001_NASA_PDS_1.pds.ASCII_Short_String_Collapsed" ,
            "minimumCharacters": "1" ,
            "maximumCharacters": "255" ,
            "minimumValue": "Unbounded" ,
            "maximumValue": "Unbounded" ,
            "pattern": "null" ,
            "unitOfMeasure": "null" ,
            "unitOfMeasureId": "null" ,
            "unitId": "null" ,
            "defaultUnitId": "null"
          }
        }
      , {
          "attribute": {
            "identifier": "0001_NASA_PDS_1.msn.Mission_Information.msn.release_number" ,
            "title": "release_number" ,
            "registrationAuthorityId": "0001_NASA_PDS_1" ,
            "nameSpaceId": "msn" ,
            "steward": "img" ,
            "versionId": "1.11" ,
            "description": "Release_number is the number of a scheduled release of data from the provider to PDS. The first data release is typically Release 1. The release_number for a given product is always the first release in which it appears, and does not change if the product is revised later." ,
            "isNillable": "true" ,
            "isEnumerated": "false" ,
            "dataType": "ASCII_Integer" ,
            "dataTypeId": "0001_NASA_PDS_1.pds.ASCII_Integer" ,
            "minimumCharacters": "Unbounded" ,
            "maximumCharacters": "Unbounded" ,
            "minimumValue": "1" ,
            "maximumValue": "9223372036854775807" ,
            "pattern": "null" ,
            "unitOfMeasure": "null" ,
            "unitOfMeasureId": "null" ,
            "unitId": "null" ,
            "defaultUnitId": "null"
          }
        }
      , {
          "attribute": {
            "identifier": "0001_NASA_PDS_1.msn.Mission_Information.msn.spacecraft_clock_partition" ,
            "title": "spacecraft_clock_partition" ,
            "registrationAuthorityId": "0001_NASA_PDS_1" ,
            "nameSpaceId": "msn" ,
            "steward": "img" ,
            "versionId": "1.11" ,
            "description": "The spacecraft_clock_partition provides the clock partition active for the spacecraft_clock attribute." ,
            "isNillable": "false" ,
            "isEnumerated": "false" ,
            "dataType": "ASCII_Integer" ,
            "dataTypeId": "0001_NASA_PDS_1.pds.ASCII_Integer" ,
            "minimumCharacters": "Unbounded" ,
            "maximumCharacters": "Unbounded" ,
            "minimumValue": "-9223372036854775808" ,
            "maximumValue": "9223372036854775807" ,
            "pattern": "null" ,
            "unitOfMeasure": "null" ,
            "unitOfMeasureId": "null" ,
            "unitId": "null" ,
            "defaultUnitId": "null"
          }
        }
      , {
          "attribute": {
            "identifier": "0001_NASA_PDS_1.msn.Mission_Information.msn.spacecraft_clock_start" ,
            "title": "spacecraft_clock_start" ,
            "registrationAuthorityId": "0001_NASA_PDS_1" ,
            "nameSpaceId": "msn" ,
            "steward": "img" ,
            "versionId": "1.11" ,
            "description": "The spacecraft_clock_start is the value of the spacecraft clock at the beginning of the observation." ,
            "isNillable": "true" ,
            "isEnumerated": "false" ,
            "dataType": "ASCII_Short_String_Collapsed" ,
            "dataTypeId": "0001_NASA_PDS_1.pds.ASCII_Short_String_Collapsed" ,
            "minimumCharacters": "1" ,
            "maximumCharacters": "255" ,
            "minimumValue": "Unbounded" ,
            "maximumValue": "Unbounded" ,
            "pattern": "null" ,
            "unitOfMeasure": "null" ,
            "unitOfMeasureId": "null" ,
            "unitId": "null" ,
            "defaultUnitId": "null"
          }
        }
      , {
          "attribute": {
            "identifier": "0001_NASA_PDS_1.msn.Mission_Information.msn.spacecraft_clock_stop" ,
            "title": "spacecraft_clock_stop" ,
            "registrationAuthorityId": "0001_NASA_PDS_1" ,
            "nameSpaceId": "msn" ,
            "steward": "img" ,
            "versionId": "1.11" ,
            "description": "The spacecraft_clock_stop is the value of the spacecraft clock at the end of the observation. spacecraft_clock_stop should only be used if there's also a spacecraft_clock_start value." ,
            "isNillable": "true" ,
            "isEnumerated": "false" ,
            "dataType": "ASCII_Short_String_Collapsed" ,
            "dataTypeId": "0001_NASA_PDS_1.pds.ASCII_Short_String_Collapsed" ,
            "minimumCharacters": "1" ,
            "maximumCharacters": "255" ,
            "minimumValue": "Unbounded" ,
            "maximumValue": "Unbounded" ,
            "pattern": "null" ,
            "unitOfMeasure": "null" ,
            "unitOfMeasureId": "null" ,
            "unitId": "null" ,
            "defaultUnitId": "null"
          }
        }
      , {
          "attribute": {
            "identifier": "0001_NASA_PDS_1.msn.Orbital_Mission.msn.start_orbit_number" ,
            "title": "start_orbit_number" ,
            "registrationAuthorityId": "0001_NASA_PDS_1" ,
            "nameSpaceId": "msn" ,
            "steward": "img" ,
            "versionId": "1.11" ,
            "description": "The start_orbit_number attribute provides the first in a series of numbers that represent a set of orbital revolutions of one body around another." ,
            "isNillable": "true" ,
            "isEnumerated": "false" ,
            "dataType": "ASCII_Short_String_Collapsed" ,
            "dataTypeId": "0001_NASA_PDS_1.pds.ASCII_Short_String_Collapsed" ,
            "minimumCharacters": "1" ,
            "maximumCharacters": "255" ,
            "minimumValue": "Unbounded" ,
            "maximumValue": "Unbounded" ,
            "pattern": "null" ,
            "unitOfMeasure": "null" ,
            "unitOfMeasureId": "null" ,
            "unitId": "null" ,
            "defaultUnitId": "null"
          }
        }
      , {
          "attribute": {
            "identifier": "0001_NASA_PDS_1.msn.Orbital_Mission.msn.stop_orbit_number" ,
            "title": "stop_orbit_number" ,
            "registrationAuthorityId": "0001_NASA_PDS_1" ,
            "nameSpaceId": "msn" ,
            "steward": "img" ,
            "versionId": "1.11" ,
            "description": "The stop_orbit_number attribute provides the last in a series of numbers that represent s set of orbital revolutions of one body around another." ,
            "isNillable": "true" ,
            "isEnumerated": "false" ,
            "dataType": "ASCII_Short_String_Collapsed" ,
            "dataTypeId": "0001_NASA_PDS_1.pds.ASCII_Short_String_Collapsed" ,
            "minimumCharacters": "1" ,
            "maximumCharacters": "255" ,
            "minimumValue": "Unbounded" ,
            "maximumValue": "Unbounded" ,
            "pattern": "null" ,
            "unitOfMeasure": "null" ,
            "unitOfMeasureId": "null" ,
            "unitId": "null" ,
            "defaultUnitId": "null"
          }
        }
      , {
          "attribute": {
            "identifier": "0001_NASA_PDS_1.msn.Surface_Mission.msn.solar_longitude" ,
            "title": "solar_longitude" ,
            "registrationAuthorityId": "0001_NASA_PDS_1" ,
            "nameSpaceId": "msn" ,
            "steward": "img" ,
            "versionId": "1.11" ,
            "description": "solar_longitude is the solar longitude, as defined in the main PDS4 data dictionary." ,
            "isNillable": "false" ,
            "isEnumerated": "false" ,
            "dataType": "ASCII_Real" ,
            "dataTypeId": "0001_NASA_PDS_1.pds.ASCII_Real" ,
            "minimumCharacters": "Unbounded" ,
            "maximumCharacters": "Unbounded" ,
            "minimumValue": "0" ,
            "maximumValue": "360" ,
            "pattern": "null" ,
            "unitOfMeasure": "Units_of_Angle" ,
            "unitOfMeasureId": "0001_NASA_PDS_1.pds.Units_of_Angle" ,
            "unitId": "arcmin, arcsec, deg, hr, mrad, rad" ,
            "defaultUnitId": "null"
          }
        }
      , {
          "attribute": {
            "identifier": "0001_NASA_PDS_1.msn.Surface_Mission.msn.start_local_mean_solar_time" ,
            "title": "start_local_mean_solar_time" ,
            "registrationAuthorityId": "0001_NASA_PDS_1" ,
            "nameSpaceId": "msn" ,
            "steward": "img" ,
            "versionId": "1.11" ,
            "description": "start_local_mean_solar_time is the local mean solar time, as defined in the main PDS4 data dictionary." ,
            "isNillable": "false" ,
            "isEnumerated": "false" ,
            "dataType": "ASCII_Short_String_Collapsed" ,
            "dataTypeId": "0001_NASA_PDS_1.pds.ASCII_Short_String_Collapsed" ,
            "minimumCharacters": "8" ,
            "maximumCharacters": "255" ,
            "minimumValue": "Unbounded" ,
            "maximumValue": "Unbounded" ,
            "pattern": "null" ,
            "unitOfMeasure": "null" ,
            "unitOfMeasureId": "null" ,
            "unitId": "null" ,
            "defaultUnitId": "null"
          }
        }
      , {
          "attribute": {
            "identifier": "0001_NASA_PDS_1.msn.Surface_Mission.msn.start_local_mean_solar_time_sol" ,
            "title": "start_local_mean_solar_time_sol" ,
            "registrationAuthorityId": "0001_NASA_PDS_1" ,
            "nameSpaceId": "msn" ,
            "steward": "img" ,
            "versionId": "1.11" ,
            "description": "The start_local_mean_solar_time_sol element specifies the number of solar days elapsed since a reference day (e.g. the day on which a landing vehicle set down) for local mean solar time (LMST). Days are measured in rotations of the planet in question from midnight to midnight. The reference day is '0', as Landing day is Sol 0. If before Landing day, then value will be less than or equal to '0'and can be negative." ,
            "isNillable": "false" ,
            "isEnumerated": "false" ,
            "dataType": "ASCII_Integer" ,
            "dataTypeId": "0001_NASA_PDS_1.pds.ASCII_Integer" ,
            "minimumCharacters": "Unbounded" ,
            "maximumCharacters": "Unbounded" ,
            "minimumValue": "-9223372036854775808" ,
            "maximumValue": "9223372036854775807" ,
            "pattern": "null" ,
            "unitOfMeasure": "null" ,
            "unitOfMeasureId": "null" ,
            "unitId": "null" ,
            "defaultUnitId": "null"
          }
        }
      , {
          "attribute": {
            "identifier": "0001_NASA_PDS_1.msn.Surface_Mission.msn.start_local_true_solar_time" ,
            "title": "start_local_true_solar_time" ,
            "registrationAuthorityId": "0001_NASA_PDS_1" ,
            "nameSpaceId": "msn" ,
            "steward": "img" ,
            "versionId": "1.11" ,
            "description": "start_local_true_solar_time is the local true solar time, as defined in the main PDS4 data dictionary." ,
            "isNillable": "false" ,
            "isEnumerated": "false" ,
            "dataType": "ASCII_Short_String_Collapsed" ,
            "dataTypeId": "0001_NASA_PDS_1.pds.ASCII_Short_String_Collapsed" ,
            "minimumCharacters": "8" ,
            "maximumCharacters": "255" ,
            "minimumValue": "Unbounded" ,
            "maximumValue": "Unbounded" ,
            "pattern": "null" ,
            "unitOfMeasure": "null" ,
            "unitOfMeasureId": "null" ,
            "unitId": "null" ,
            "defaultUnitId": "null"
          }
        }
      , {
          "attribute": {
            "identifier": "0001_NASA_PDS_1.msn.Surface_Mission.msn.start_local_true_solar_time_sol" ,
            "title": "start_local_true_solar_time_sol" ,
            "registrationAuthorityId": "0001_NASA_PDS_1" ,
            "nameSpaceId": "msn" ,
            "steward": "img" ,
            "versionId": "1.11" ,
            "description": "The start_local_true_solar_time_sol element specifies the number of solar days elapsed since a reference day (e.g. the day on which a landing vehicle set down) for local true solar time (LTST). Days are measured in rotations of the planet in question from midnight to midnight. The reference day is '0', as Landing day is Sol 0. If before Landing day, then value will be less than or equal to '0'and can be negative." ,
            "isNillable": "false" ,
            "isEnumerated": "false" ,
            "dataType": "ASCII_Integer" ,
            "dataTypeId": "0001_NASA_PDS_1.pds.ASCII_Integer" ,
            "minimumCharacters": "Unbounded" ,
            "maximumCharacters": "Unbounded" ,
            "minimumValue": "-9223372036854775808" ,
            "maximumValue": "9223372036854775807" ,
            "pattern": "null" ,
            "unitOfMeasure": "null" ,
            "unitOfMeasureId": "null" ,
            "unitId": "null" ,
            "defaultUnitId": "null"
          }
        }
      , {
          "attribute": {
            "identifier": "0001_NASA_PDS_1.msn.Surface_Mission.msn.start_sol_number" ,
            "title": "start_sol_number" ,
            "registrationAuthorityId": "0001_NASA_PDS_1" ,
            "nameSpaceId": "msn" ,
            "steward": "img" ,
            "versionId": "1.11" ,
            "description": "The start_sol_number is the number of the Mars day on which an observation began. Landing day is Sol 0." ,
            "isNillable": "true" ,
            "isEnumerated": "false" ,
            "dataType": "ASCII_Integer" ,
            "dataTypeId": "0001_NASA_PDS_1.pds.ASCII_Integer" ,
            "minimumCharacters": "Unbounded" ,
            "maximumCharacters": "Unbounded" ,
            "minimumValue": "0" ,
            "maximumValue": "9223372036854775807" ,
            "pattern": "null" ,
            "unitOfMeasure": "null" ,
            "unitOfMeasureId": "null" ,
            "unitId": "null" ,
            "defaultUnitId": "null"
          }
        }
      , {
          "attribute": {
            "identifier": "0001_NASA_PDS_1.msn.Surface_Mission.msn.stop_local_mean_solar_time" ,
            "title": "stop_local_mean_solar_time" ,
            "registrationAuthorityId": "0001_NASA_PDS_1" ,
            "nameSpaceId": "msn" ,
            "steward": "img" ,
            "versionId": "1.11" ,
            "description": "stop_local_mean_solar_time is the local mean solar time, as defined in the main PDS4 data dictionary." ,
            "isNillable": "false" ,
            "isEnumerated": "false" ,
            "dataType": "ASCII_Short_String_Collapsed" ,
            "dataTypeId": "0001_NASA_PDS_1.pds.ASCII_Short_String_Collapsed" ,
            "minimumCharacters": "8" ,
            "maximumCharacters": "255" ,
            "minimumValue": "Unbounded" ,
            "maximumValue": "Unbounded" ,
            "pattern": "null" ,
            "unitOfMeasure": "null" ,
            "unitOfMeasureId": "null" ,
            "unitId": "null" ,
            "defaultUnitId": "null"
          }
        }
      , {
          "attribute": {
            "identifier": "0001_NASA_PDS_1.msn.Surface_Mission.msn.stop_local_mean_solar_time_sol" ,
            "title": "stop_local_mean_solar_time_sol" ,
            "registrationAuthorityId": "0001_NASA_PDS_1" ,
            "nameSpaceId": "msn" ,
            "steward": "img" ,
            "versionId": "1.11" ,
            "description": "The stop_local_mean_solar_time_sol element specifies the number of solar days elapsed since a reference day (e.g. the day on which a landing vehicle set down) for local mean solar time (LMST). Days are measured in rotations of the planet in question from midnight to midnight. The reference day is '0', as Landing day is Sol 0. If before Landing day, then value will be less than or equal to '0'and can be negative. The stop_local_mean_solar_time_sol should only be used if there's also a start_local_mean_solar_time_sol." ,
            "isNillable": "false" ,
            "isEnumerated": "false" ,
            "dataType": "ASCII_Integer" ,
            "dataTypeId": "0001_NASA_PDS_1.pds.ASCII_Integer" ,
            "minimumCharacters": "Unbounded" ,
            "maximumCharacters": "Unbounded" ,
            "minimumValue": "-9223372036854775808" ,
            "maximumValue": "9223372036854775807" ,
            "pattern": "null" ,
            "unitOfMeasure": "null" ,
            "unitOfMeasureId": "null" ,
            "unitId": "null" ,
            "defaultUnitId": "null"
          }
        }
      , {
          "attribute": {
            "identifier": "0001_NASA_PDS_1.msn.Surface_Mission.msn.stop_local_true_solar_time" ,
            "title": "stop_local_true_solar_time" ,
            "registrationAuthorityId": "0001_NASA_PDS_1" ,
            "nameSpaceId": "msn" ,
            "steward": "img" ,
            "versionId": "1.11" ,
            "description": "stop_local_true_solar_time is the local true solar time, as defined in the main PDS4 data dictionary." ,
            "isNillable": "false" ,
            "isEnumerated": "false" ,
            "dataType": "ASCII_Short_String_Collapsed" ,
            "dataTypeId": "0001_NASA_PDS_1.pds.ASCII_Short_String_Collapsed" ,
            "minimumCharacters": "8" ,
            "maximumCharacters": "255" ,
            "minimumValue": "Unbounded" ,
            "maximumValue": "Unbounded" ,
            "pattern": "null" ,
            "unitOfMeasure": "null" ,
            "unitOfMeasureId": "null" ,
            "unitId": "null" ,
            "defaultUnitId": "null"
          }
        }
      , {
          "attribute": {
            "identifier": "0001_NASA_PDS_1.msn.Surface_Mission.msn.stop_local_true_solar_time_sol" ,
            "title": "stop_local_true_solar_time_sol" ,
            "registrationAuthorityId": "0001_NASA_PDS_1" ,
            "nameSpaceId": "msn" ,
            "steward": "img" ,
            "versionId": "1.11" ,
            "description": "The stop_local_true_solar_time_sol element specifies the number of solar days elapsed since a reference day (e.g. the day on which a landing vehicle set down) for local true solar time (LTST). Days are measured in rotations of the planet in question from midnight to midnight. The reference day is '0', as Landing day is Sol 0. If before Landing day, then value will be less than or equal to '0'and can be negative. The stop_local_true_solar_time_sol should only be used if there is also a start_local_true_solar_time_sol." ,
            "isNillable": "false" ,
            "isEnumerated": "false" ,
            "dataType": "ASCII_Integer" ,
            "dataTypeId": "0001_NASA_PDS_1.pds.ASCII_Integer" ,
            "minimumCharacters": "Unbounded" ,
            "maximumCharacters": "Unbounded" ,
            "minimumValue": "-9223372036854775808" ,
            "maximumValue": "9223372036854775807" ,
            "pattern": "null" ,
            "unitOfMeasure": "null" ,
            "unitOfMeasureId": "null" ,
            "unitId": "null" ,
            "defaultUnitId": "null"
          }
        }
      , {
          "attribute": {
            "identifier": "0001_NASA_PDS_1.msn.Surface_Mission.msn.stop_sol_number" ,
            "title": "stop_sol_number" ,
            "registrationAuthorityId": "0001_NASA_PDS_1" ,
            "nameSpaceId": "msn" ,
            "steward": "img" ,
            "versionId": "1.11" ,
            "description": "The stop_sol_number is the number of the Mars day on which an observation ended. Landing day is Sol 0. The stop_sol_number should only be used if there's also a start_sol_number." ,
            "isNillable": "true" ,
            "isEnumerated": "false" ,
            "dataType": "ASCII_Integer" ,
            "dataTypeId": "0001_NASA_PDS_1.pds.ASCII_Integer" ,
            "minimumCharacters": "Unbounded" ,
            "maximumCharacters": "Unbounded" ,
            "minimumValue": "0" ,
            "maximumValue": "9223372036854775807" ,
            "pattern": "null" ,
            "unitOfMeasure": "null" ,
            "unitOfMeasureId": "null" ,
            "unitId": "null" ,
            "defaultUnitId": "null"
          }
        }
      ]
    , "PropertyMapDictionary": [
      ]
    }
  }
]
